country,year,predicted_usd_per_kw
Portugal,2024,782.5570276951024
Portugal,2025,746.4402793197377
